[
    {
        "TimeStamp": "01/10/2022 10.50.03",
        "authorUsername": "LvIeXwcT",
        "Gender": "Not specified",
        "Age": "45-60 years old",
        "RelationshipWithArt": "Ho un forte interesse per l'arte",
        "RelationshipWithMuseum": "Visito spesso i musei",
        "ContentInLIS": "Non mi interessano i contenuti in Lingua dei Segni"
    },
    {
        "TimeStamp": "01/10/2022 10.53.03",
        "authorUsername": "JgevtrSb",
        "Gender": "Not specified",
        "Age": "45-60 years old",
        "RelationshipWithArt": "Non provo nessun interesse per l'arte",
        "RelationshipWithMuseum": "Visito raramente musei e mostre",
        "ContentInLIS": "Non mi interessano i contenuti in Lingua dei Segni"
    },
    {
        "TimeStamp": "01/10/2022 11.21.12",
        "authorUsername": "WsK2A1ab",
        "Gender": "Not specified",
        "Age": "Not specified",
        "RelationshipWithArt": "Non provo nessun interesse per l'arte",
        "RelationshipWithMuseum": "Visito raramente musei e mostre",
        "ContentInLIS": "Non mi interessano i contenuti in Lingua dei Segni"
    },
    {
        "TimeStamp": "01/10/2022 11.47.54",
        "authorUsername": "RQ4a2nIG",
        "Gender": "Female",
        "Age": "31-45 years  old",
        "RelationshipWithArt": "Ho un forte interesse per l'arte",
        "RelationshipWithMuseum": "Visito raramente musei e mostre",
        "ContentInLIS": "Non mi interessano i contenuti in Lingua dei Segni"
    },
    {
        "TimeStamp": "01/10/2022 11.49.59",
        "authorUsername": "LvIeXwcT",
        "Gender": "Not specified",
        "Age": "45-60 years old",
        "RelationshipWithArt": "L'arte mi interessa poco",
        "RelationshipWithMuseum": "Visito di tanto in tanto musei e mostre",
        "ContentInLIS": "Non mi interessano i contenuti in Lingua dei Segni"
    },
    {
        "TimeStamp": "01/10/2022 11.55.06",
        "authorUsername": "LW3Klzvx",
        "Gender": "Male",
        "Age": "45-60 years old",
        "RelationshipWithArt": "Ho un forte interesse per l'arte",
        "RelationshipWithMuseum": "Visito spesso i musei",
        "ContentInLIS": "Non mi interessano i contenuti in Lingua dei Segni"
    },
    {
        "TimeStamp": "01/10/2022 12.24.31",
        "authorUsername": "RQ4a2nIG",
        "Gender": "Female",
        "Age": "31-45 years  old",
        "RelationshipWithArt": "Il mio lavoro riguarda l'arte",
        "RelationshipWithMuseum": "Visito spesso i musei",
        "ContentInLIS": "Non mi interessano i contenuti in Lingua dei Segni"
    },
    {
        "TimeStamp": "01/10/2022 12.25.31",
        "authorUsername": "zZbRbDHJ",
        "Gender": "Male",
        "Age": "20-30 years  old",
        "RelationshipWithArt": "L'arte mi interessa poco",
        "RelationshipWithMuseum": "Visito di tanto in tanto musei e mostre",
        "ContentInLIS": "Non mi interessano i contenuti in Lingua dei Segni"
    },
    {
        "TimeStamp": "01/10/2022 12.25.42",
        "authorUsername": "KQTGApjD",
        "Gender": "Male",
        "Age": "20-30 years  old",
        "RelationshipWithArt": "L'arte mi interessa poco",
        "RelationshipWithMuseum": "Visito di tanto in tanto musei e mostre",
        "ContentInLIS": "Non mi interessano i contenuti in Lingua dei Segni"
    },
    {
        "TimeStamp": "01/10/2022 13.26.19",
        "authorUsername": "LvIeXwcT",
        "Gender": "Male",
        "Age": "20-30 years  old",
        "RelationshipWithArt": "Ho un forte interesse per l'arte",
        "RelationshipWithMuseum": "Visito spesso i musei",
        "ContentInLIS": "Vorrei vedere i contenuti in Lingua dei Segni (LIS)"
    },
    {
        "TimeStamp": "01/10/2022 13.34.27",
        "authorUsername": "N72IRgFy",
        "Gender": "Female",
        "Age": "20-30 years  old",
        "RelationshipWithArt": "Non provo nessun interesse per l'arte",
        "RelationshipWithMuseum": "Visito raramente musei e mostre",
        "ContentInLIS": "Vorrei vedere i contenuti in Lingua dei Segni (LIS)"
    },
    {
        "TimeStamp": "01/10/2022 14.01.37",
        "authorUsername": "RQ4a2nIG",
        "Gender": "Female",
        "Age": "45-60 years old",
        "RelationshipWithArt": "Il mio lavoro riguarda l'arte",
        "RelationshipWithMuseum": "Visito spesso i musei",
        "ContentInLIS": "Vorrei vedere i contenuti in Lingua dei Segni (LIS)"
    },
    {
        "TimeStamp": "01/10/2022 14.06.45",
        "authorUsername": "x2AUnHqw",
        "Gender": "Male",
        "Age": "20-30 years  old",
        "RelationshipWithArt": "Ho un forte interesse per l'arte",
        "RelationshipWithMuseum": "Visito di tanto in tanto musei e mostre",
        "ContentInLIS": "Vorrei vedere i contenuti in Lingua dei Segni (LIS)"
    },
    {
        "TimeStamp": "01/10/2022 14.50.52",
        "authorUsername": "RQ4a2nIG",
        "Gender": "Female",
        "Age": "13-19 years  old",
        "RelationshipWithArt": "L'arte mi interessa poco",
        "RelationshipWithMuseum": "Visito di tanto in tanto musei e mostre",
        "ContentInLIS": "Vorrei vedere i contenuti in Lingua dei Segni (LIS)"
    },
    {
        "TimeStamp": "01/10/2022 14.56.53",
        "authorUsername": "Sz5Wx2XD",
        "Gender": "Male",
        "Age": "45-60 years old",
        "RelationshipWithArt": "L'arte mi interessa poco",
        "RelationshipWithMuseum": "Visito di tanto in tanto musei e mostre",
        "ContentInLIS": "Non mi interessano i contenuti in Lingua dei Segni"
    },
    {
        "TimeStamp": "01/10/2022 15.15.45",
        "authorUsername": "FVhf7OMw",
        "Gender": "Male",
        "Age": "45-60 years old",
        "RelationshipWithArt": "Ho un forte interesse per l'arte",
        "RelationshipWithMuseum": "Visito spesso i musei",
        "ContentInLIS": "Non mi interessano i contenuti in Lingua dei Segni"
    },
    {
        "TimeStamp": "01/10/2022 15.16.59",
        "authorUsername": "yjlouq5U",
        "Gender": "Female",
        "Age": "20-30 years  old",
        "RelationshipWithArt": "Ho un forte interesse per l'arte",
        "RelationshipWithMuseum": "Visito di tanto in tanto musei e mostre",
        "ContentInLIS": "Vorrei vedere i contenuti in Lingua dei Segni (LIS)"
    },
    {
        "TimeStamp": "01/10/2022 15.17.04",
        "authorUsername": "onDqgFnI",
        "Gender": "Male",
        "Age": "45-60 years old",
        "RelationshipWithArt": "Ho un forte interesse per l'arte",
        "RelationshipWithMuseum": "Visito spesso i musei",
        "ContentInLIS": "Non mi interessano i contenuti in Lingua dei Segni"
    },
    {
        "TimeStamp": "01/10/2022 15.35.09",
        "authorUsername": "RQ4a2nIG",
        "Gender": "Female",
        "Age": "31-45 years  old",
        "RelationshipWithArt": "Ho un forte interesse per l'arte",
        "RelationshipWithMuseum": "Visito spesso i musei",
        "ContentInLIS": "Vorrei vedere i contenuti in Lingua dei Segni (LIS)"
    },
    {
        "TimeStamp": "01/10/2022 15.45.38",
        "authorUsername": "WYCImqGm",
        "Gender": "Female",
        "Age": "20-30 years  old",
        "RelationshipWithArt": "L'arte mi interessa poco",
        "RelationshipWithMuseum": "Visito raramente musei e mostre",
        "ContentInLIS": "Vorrei vedere i contenuti in Lingua dei Segni (LIS)"
    },
    {
        "TimeStamp": "01/10/2022 15.54.48",
        "authorUsername": "B3N0HGw4",
        "Gender": "Female",
        "Age": "20-30 years  old",
        "RelationshipWithArt": "Ho un forte interesse per l'arte",
        "RelationshipWithMuseum": "Visito spesso i musei",
        "ContentInLIS": "Vorrei vedere i contenuti in Lingua dei Segni (LIS)"
    },
    {
        "TimeStamp": "01/10/2022 15.54.48",
        "authorUsername": "q2BDj1os",
        "Gender": "Female",
        "Age": "20-30 years  old",
        "RelationshipWithArt": "L'arte mi interessa poco",
        "RelationshipWithMuseum": "Visito raramente musei e mostre",
        "ContentInLIS": "Vorrei vedere i contenuti in Lingua dei Segni (LIS)"
    },
    {
        "TimeStamp": "01/10/2022 15.54.56",
        "authorUsername": "cBjFhvjx",
        "Gender": "Female",
        "Age": "20-30 years  old",
        "RelationshipWithArt": "Ho un forte interesse per l'arte",
        "RelationshipWithMuseum": "Visito di tanto in tanto musei e mostre",
        "ContentInLIS": "Vorrei vedere i contenuti in Lingua dei Segni (LIS)"
    },
    {
        "TimeStamp": "01/10/2022 15.55.01",
        "authorUsername": "Y0WXF1LR",
        "Gender": "Female",
        "Age": "20-30 years  old",
        "RelationshipWithArt": "L'arte mi interessa poco",
        "RelationshipWithMuseum": "Visito di tanto in tanto musei e mostre",
        "ContentInLIS": "Vorrei vedere i contenuti in Lingua dei Segni (LIS)"
    },
    {
        "TimeStamp": "01/10/2022 15.55.41",
        "authorUsername": "loEoYm9R",
        "Gender": "Male",
        "Age": "20-30 years  old",
        "RelationshipWithArt": "Ho un forte interesse per l'arte",
        "RelationshipWithMuseum": "Visito di tanto in tanto musei e mostre",
        "ContentInLIS": "Vorrei vedere i contenuti in Lingua dei Segni (LIS)"
    },
    {
        "TimeStamp": "01/10/2022 16.11.35",
        "authorUsername": "8sAIqaGe",
        "Gender": "Female",
        "Age": "20-30 years  old",
        "RelationshipWithArt": "Ho un forte interesse per l'arte",
        "RelationshipWithMuseum": "Visito di tanto in tanto musei e mostre",
        "ContentInLIS": "Non mi interessano i contenuti in Lingua dei Segni"
    },
    {
        "TimeStamp": "01/10/2022 16.12.01",
        "authorUsername": "RQ4a2nIG",
        "Gender": "Female",
        "Age": "31-45 years  old",
        "RelationshipWithArt": "Il mio lavoro riguarda l'arte",
        "RelationshipWithMuseum": "Visito spesso i musei",
        "ContentInLIS": "Non mi interessano i contenuti in Lingua dei Segni"
    },
    {
        "TimeStamp": "01/10/2022 16.23.52",
        "authorUsername": "RQ4a2nIG",
        "Gender": "Female",
        "Age": "31-45 years  old",
        "RelationshipWithArt": "L'arte mi interessa poco",
        "RelationshipWithMuseum": "Visito di tanto in tanto musei e mostre",
        "ContentInLIS": "Non mi interessano i contenuti in Lingua dei Segni"
    },
    {
        "TimeStamp": "01/10/2022 16.24.16",
        "authorUsername": "RQ4a2nIG",
        "Gender": "Female",
        "Age": "31-45 years  old",
        "RelationshipWithArt": "Ho un forte interesse per l'arte",
        "RelationshipWithMuseum": "Visito di tanto in tanto musei e mostre",
        "ContentInLIS": "Vorrei vedere i contenuti in Lingua dei Segni (LIS)"
    },
    {
        "TimeStamp": "01/10/2022 16.38.00",
        "authorUsername": "RQ4a2nIG",
        "Gender": "Female",
        "Age": "31-45 years  old",
        "RelationshipWithArt": "L'arte mi interessa poco",
        "RelationshipWithMuseum": "Visito di tanto in tanto musei e mostre",
        "ContentInLIS": "Vorrei vedere i contenuti in Lingua dei Segni (LIS)"
    },
    {
        "TimeStamp": "01/10/2022 16.38.40",
        "authorUsername": "RQ4a2nIG",
        "Gender": "Female",
        "Age": "31-45 years  old",
        "RelationshipWithArt": "Ho un forte interesse per l'arte",
        "RelationshipWithMuseum": "Visito di tanto in tanto musei e mostre",
        "ContentInLIS": "Vorrei vedere i contenuti in Lingua dei Segni (LIS)"
    },
    {
        "TimeStamp": "01/10/2022 16.39.52",
        "authorUsername": "fqybaAk8",
        "Gender": "Male",
        "Age": "45-60 years old",
        "RelationshipWithArt": "Ho un forte interesse per l'arte",
        "RelationshipWithMuseum": "Visito spesso i musei",
        "ContentInLIS": "Non mi interessano i contenuti in Lingua dei Segni"
    },
    {
        "TimeStamp": "01/10/2022 16.58.18",
        "authorUsername": "ox8G7avH",
        "Gender": "Male",
        "Age": "20-30 years  old",
        "RelationshipWithArt": "Ho un forte interesse per l'arte",
        "RelationshipWithMuseum": "Visito spesso i musei",
        "ContentInLIS": "Non mi interessano i contenuti in Lingua dei Segni"
    },
    {
        "TimeStamp": "01/10/2022 16.58.57",
        "authorUsername": "RQ4a2nIG",
        "Gender": "Male",
        "Age": "31-45 years  old",
        "RelationshipWithArt": "Il mio lavoro riguarda l'arte",
        "RelationshipWithMuseum": "Visito spesso i musei",
        "ContentInLIS": "Vorrei vedere i contenuti in Lingua dei Segni (LIS)"
    },
    {
        "TimeStamp": "01/10/2022 16.59.07",
        "authorUsername": "RQ4a2nIG",
        "Gender": "Female",
        "Age": "31-45 years  old",
        "RelationshipWithArt": "L'arte mi interessa poco",
        "RelationshipWithMuseum": "Visito raramente musei e mostre",
        "ContentInLIS": "Non mi interessano i contenuti in Lingua dei Segni"
    },
    {
        "TimeStamp": "01/10/2022 17.05.36",
        "authorUsername": "0bAAwK14",
        "Gender": "Male",
        "Age": "20-30 years  old",
        "RelationshipWithArt": "L'arte mi interessa poco",
        "RelationshipWithMuseum": "Visito di tanto in tanto musei e mostre",
        "ContentInLIS": "Non mi interessano i contenuti in Lingua dei Segni"
    },
    {
        "TimeStamp": "01/10/2022 17.07.46",
        "authorUsername": "RQ4a2nIG",
        "Gender": "Female",
        "Age": "31-45 years  old",
        "RelationshipWithArt": "Ho un forte interesse per l'arte",
        "RelationshipWithMuseum": "Visito di tanto in tanto musei e mostre",
        "ContentInLIS": "Vorrei vedere i contenuti in Lingua dei Segni (LIS)"
    },
    {
        "TimeStamp": "01/10/2022 17.09.19",
        "authorUsername": "RQ4a2nIG",
        "Gender": "Female",
        "Age": "31-45 years  old",
        "RelationshipWithArt": "L'arte mi interessa poco",
        "RelationshipWithMuseum": "Visito raramente musei e mostre",
        "ContentInLIS": "Non mi interessano i contenuti in Lingua dei Segni"
    },
    {
        "TimeStamp": "01/10/2022 17.09.35",
        "authorUsername": "ox8G7avH",
        "Gender": "Female",
        "Age": "20-30 years  old",
        "RelationshipWithArt": "Ho un forte interesse per l'arte",
        "RelationshipWithMuseum": "Visito spesso i musei",
        "ContentInLIS": "Non mi interessano i contenuti in Lingua dei Segni"
    },
    {
        "TimeStamp": "01/10/2022 17.11.59",
        "authorUsername": "6rK3p7za",
        "Gender": "Female",
        "Age": "20-30 years  old",
        "RelationshipWithArt": "Ho un forte interesse per l'arte",
        "RelationshipWithMuseum": "Visito di tanto in tanto musei e mostre",
        "ContentInLIS": "Non mi interessano i contenuti in Lingua dei Segni"
    },
    {
        "TimeStamp": "01/10/2022 17.12.06",
        "authorUsername": "0bAAwK14",
        "Gender": "Male",
        "Age": "20-30 years  old",
        "RelationshipWithArt": "L'arte mi interessa poco",
        "RelationshipWithMuseum": "Visito raramente musei e mostre",
        "ContentInLIS": "Non mi interessano i contenuti in Lingua dei Segni"
    },
    {
        "TimeStamp": "01/10/2022 17.18.29",
        "authorUsername": "BTKF72et",
        "Gender": "Female",
        "Age": "20-30 years  old",
        "RelationshipWithArt": "L'arte mi interessa poco",
        "RelationshipWithMuseum": "Visito spesso i musei",
        "ContentInLIS": "Non mi interessano i contenuti in Lingua dei Segni"
    },
    {
        "TimeStamp": "01/10/2022 17.20.01",
        "authorUsername": "BTKF72et",
        "Gender": "Female",
        "Age": "20-30 years  old",
        "RelationshipWithArt": "Ho un forte interesse per l'arte",
        "RelationshipWithMuseum": "Visito di tanto in tanto musei e mostre",
        "ContentInLIS": "Vorrei vedere i contenuti in Lingua dei Segni (LIS)"
    },
    {
        "TimeStamp": "01/10/2022 17.20.13",
        "authorUsername": "RQ4a2nIG",
        "Gender": "Female",
        "Age": "31-45 years  old",
        "RelationshipWithArt": "Ho un forte interesse per l'arte",
        "RelationshipWithMuseum": "Visito di tanto in tanto musei e mostre",
        "ContentInLIS": "Non mi interessano i contenuti in Lingua dei Segni"
    },
    {
        "TimeStamp": "01/10/2022 17.21.17",
        "authorUsername": "fqybaAk8",
        "Gender": "Male",
        "Age": "45-60 years old",
        "RelationshipWithArt": "Il mio lavoro riguarda l'arte",
        "RelationshipWithMuseum": "Visito spesso i musei",
        "ContentInLIS": "Non mi interessano i contenuti in Lingua dei Segni"
    },
    {
        "TimeStamp": "01/10/2022 17.30.14",
        "authorUsername": "RQ4a2nIG",
        "Gender": "Female",
        "Age": "31-45 years  old",
        "RelationshipWithArt": "Ho un forte interesse per l'arte",
        "RelationshipWithMuseum": "Visito di tanto in tanto musei e mostre",
        "ContentInLIS": "Vorrei vedere i contenuti in Lingua dei Segni (LIS)"
    },
    {
        "TimeStamp": "01/10/2022 17.31.58",
        "authorUsername": "UjAh6XYO",
        "Gender": "Male",
        "Age": "45-60 years old",
        "RelationshipWithArt": "Ho un forte interesse per l'arte",
        "RelationshipWithMuseum": "Visito spesso i musei",
        "ContentInLIS": "Vorrei vedere i contenuti in Lingua dei Segni (LIS)"
    },
    {
        "TimeStamp": "01/10/2022 17.36.47",
        "authorUsername": "0bAAwK14",
        "Gender": "Male",
        "Age": "20-30 years  old",
        "RelationshipWithArt": "L'arte mi interessa poco",
        "RelationshipWithMuseum": "Visito di tanto in tanto musei e mostre",
        "ContentInLIS": "Non mi interessano i contenuti in Lingua dei Segni"
    },
    {
        "TimeStamp": "01/10/2022 17.47.27",
        "authorUsername": "0bAAwK14",
        "Gender": "Male",
        "Age": "20-30 years  old",
        "RelationshipWithArt": "Ho un forte interesse per l'arte",
        "RelationshipWithMuseum": "Visito di tanto in tanto musei e mostre",
        "ContentInLIS": "Non mi interessano i contenuti in Lingua dei Segni"
    },
    {
        "TimeStamp": "01/10/2022 17.49.47",
        "authorUsername": "BTKF72et",
        "Gender": "Male",
        "Age": "20-30 years  old",
        "RelationshipWithArt": "Ho un forte interesse per l'arte",
        "RelationshipWithMuseum": "Visito di tanto in tanto musei e mostre",
        "ContentInLIS": "Non mi interessano i contenuti in Lingua dei Segni"
    },
    {
        "TimeStamp": "01/10/2022 17.50.04",
        "authorUsername": "RQ4a2nIG",
        "Gender": "Female",
        "Age": "31-45 years  old",
        "RelationshipWithArt": "Ho un forte interesse per l'arte",
        "RelationshipWithMuseum": "Visito di tanto in tanto musei e mostre",
        "ContentInLIS": "Non mi interessano i contenuti in Lingua dei Segni"
    },
    {
        "TimeStamp": "01/10/2022 18.00.56",
        "authorUsername": "6rK3p7za",
        "Gender": "Male",
        "Age": "31-45 years  old",
        "RelationshipWithArt": "Ho un forte interesse per l'arte",
        "RelationshipWithMuseum": "Visito spesso i musei",
        "ContentInLIS": "Non mi interessano i contenuti in Lingua dei Segni"
    },
    {
        "TimeStamp": "01/10/2022 18.03.43",
        "authorUsername": "fqybaAk8",
        "Gender": "Female",
        "Age": "20-30 years  old",
        "RelationshipWithArt": "L'arte mi interessa poco",
        "RelationshipWithMuseum": "Visito di tanto in tanto musei e mostre",
        "ContentInLIS": "Non mi interessano i contenuti in Lingua dei Segni"
    },
    {
        "TimeStamp": "01/10/2022 18.28.38",
        "authorUsername": "0bAAwK14",
        "Gender": "Male",
        "Age": "45-60 years old",
        "RelationshipWithArt": "Ho un forte interesse per l'arte",
        "RelationshipWithMuseum": "Visito di tanto in tanto musei e mostre",
        "ContentInLIS": "Non mi interessano i contenuti in Lingua dei Segni"
    },
    {
        "TimeStamp": "01/10/2022 23.09.53",
        "authorUsername": "e4aM9WL7",
        "Gender": "Female",
        "Age": "13-19 years  old",
        "RelationshipWithArt": "Ho un forte interesse per l'arte",
        "RelationshipWithMuseum": "Visito di tanto in tanto musei e mostre",
        "ContentInLIS": "Vorrei vedere i contenuti in Lingua dei Segni (LIS)"
    },
    {
        "TimeStamp": "27/10/2022 17.44.49",
        "authorUsername": "ox8G7avH",
        "Gender": "Male",
        "Age": "more than 60",
        "RelationshipWithArt": "Il mio lavoro riguarda l'arte",
        "RelationshipWithMuseum": "Visito spesso i musei",
        "ContentInLIS": "Non mi interessano i contenuti in Lingua dei Segni"
    },
    {
        "TimeStamp": "03/11/2022 15.10.15",
        "authorUsername": "fqybaAk8",
        "Gender": "Male",
        "Age": "31-45 years  old",
        "RelationshipWithArt": "Ho un forte interesse per l'arte",
        "RelationshipWithMuseum": "Visito di tanto in tanto musei e mostre",
        "ContentInLIS": "Non mi interessano i contenuti in Lingua dei Segni"
    },
    {
        "TimeStamp": "03/11/2022 15.11.41",
        "authorUsername": "6rK3p7za",
        "Gender": "Male",
        "Age": "31-45 years  old",
        "RelationshipWithArt": "L'arte mi interessa poco",
        "RelationshipWithMuseum": "Visito spesso i musei",
        "ContentInLIS": "Non mi interessano i contenuti in Lingua dei Segni"
    },
    {
        "TimeStamp": "03/11/2022 15.12.43",
        "authorUsername": "6rK3p7za",
        "Gender": "Male",
        "Age": "13-19 years  old",
        "RelationshipWithArt": "Ho un forte interesse per l'arte",
        "RelationshipWithMuseum": "Visito spesso i musei",
        "ContentInLIS": "Non mi interessano i contenuti in Lingua dei Segni"
    },
    {
        "TimeStamp": "04/11/2022 11.53.12",
        "authorUsername": "e4aM9WL7",
        "Gender": "Male",
        "Age": "20-30 years  old",
        "RelationshipWithArt": "L'arte mi interessa poco",
        "RelationshipWithMuseum": "Visito di tanto in tanto musei e mostre",
        "ContentInLIS": "Vorrei vedere i contenuti in Lingua dei Segni (LIS)"
    },
    {
        "TimeStamp": "04/11/2022 11.53.19",
        "authorUsername": "6rK3p7za",
        "Gender": "Female",
        "Age": "20-30 years  old",
        "RelationshipWithArt": "Ho un forte interesse per l'arte",
        "RelationshipWithMuseum": "Visito spesso i musei",
        "ContentInLIS": "Vorrei vedere i contenuti in Lingua dei Segni (LIS)"
    },
    {
        "TimeStamp": "04/11/2022 11.53.48",
        "authorUsername": "e4aM9WL7",
        "Gender": "Female",
        "Age": "20-30 years  old",
        "RelationshipWithArt": "Non provo nessun interesse per l'arte",
        "RelationshipWithMuseum": "Visito di tanto in tanto musei e mostre",
        "ContentInLIS": "Vorrei vedere i contenuti in Lingua dei Segni (LIS)"
    },
    {
        "TimeStamp": "04/11/2022 11.53.52",
        "authorUsername": "e4aM9WL7",
        "Gender": "Female",
        "Age": "20-30 years  old",
        "RelationshipWithArt": "Il mio lavoro riguarda l'arte",
        "RelationshipWithMuseum": "Visito di tanto in tanto musei e mostre",
        "ContentInLIS": "Vorrei vedere i contenuti in Lingua dei Segni (LIS)"
    },
    {
        "TimeStamp": "04/11/2022 11.54.14",
        "authorUsername": "e4aM9WL7",
        "Gender": "Male",
        "Age": "20-30 years  old",
        "RelationshipWithArt": "L'arte mi interessa poco",
        "RelationshipWithMuseum": "Visito raramente musei e mostre",
        "ContentInLIS": "Vorrei vedere i contenuti in Lingua dei Segni (LIS)"
    },
    {
        "TimeStamp": "04/11/2022 11.54.25",
        "authorUsername": "fqybaAk8",
        "Gender": "Female",
        "Age": "20-30 years  old",
        "RelationshipWithArt": "L'arte mi interessa poco",
        "RelationshipWithMuseum": "Visito di tanto in tanto musei e mostre",
        "ContentInLIS": "Vorrei vedere i contenuti in Lingua dei Segni (LIS)"
    },
    {
        "TimeStamp": "04/11/2022 11.55.09",
        "authorUsername": "e4aM9WL7",
        "Gender": "Not binary",
        "Age": "20-30 years  old",
        "RelationshipWithArt": "L'arte mi interessa poco",
        "RelationshipWithMuseum": "Visito di tanto in tanto musei e mostre",
        "ContentInLIS": "Vorrei vedere i contenuti in Lingua dei Segni (LIS)"
    },
    {
        "TimeStamp": "04/11/2022 11.55.12",
        "authorUsername": "0bAAwK14",
        "Gender": "Male",
        "Age": "20-30 years  old",
        "RelationshipWithArt": "L'arte mi interessa poco",
        "RelationshipWithMuseum": "Visito di tanto in tanto musei e mostre",
        "ContentInLIS": "Vorrei vedere i contenuti in Lingua dei Segni (LIS)"
    },
    {
        "TimeStamp": "04/11/2022 11.55.14",
        "authorUsername": "fqybaAk8",
        "Gender": "Female",
        "Age": "31-45 years  old",
        "RelationshipWithArt": "Ho un forte interesse per l'arte",
        "RelationshipWithMuseum": "Visito di tanto in tanto musei e mostre",
        "ContentInLIS": "Non mi interessano i contenuti in Lingua dei Segni"
    },
    {
        "TimeStamp": "04/11/2022 11.55.26",
        "authorUsername": "BTKF72et",
        "Gender": "Female",
        "Age": "20-30 years  old",
        "RelationshipWithArt": "Ho un forte interesse per l'arte",
        "RelationshipWithMuseum": "Visito di tanto in tanto musei e mostre",
        "ContentInLIS": "Vorrei vedere i contenuti in Lingua dei Segni (LIS)"
    },
    {
        "TimeStamp": "04/11/2022 11.55.36",
        "authorUsername": "BTKF72et",
        "Gender": "Female",
        "Age": "20-30 years  old",
        "RelationshipWithArt": "L'arte mi interessa poco",
        "RelationshipWithMuseum": "Visito raramente musei e mostre",
        "ContentInLIS": "Vorrei vedere i contenuti in Lingua dei Segni (LIS)"
    },
    {
        "TimeStamp": "04/11/2022 11.55.39",
        "authorUsername": "e4aM9WL7",
        "Gender": "Not binary",
        "Age": "20-30 years  old",
        "RelationshipWithArt": "L'arte mi interessa poco",
        "RelationshipWithMuseum": "Visito di tanto in tanto musei e mostre",
        "ContentInLIS": "Vorrei vedere i contenuti in Lingua dei Segni (LIS)"
    },
    {
        "TimeStamp": "04/11/2022 11.55.50",
        "authorUsername": "fqybaAk8",
        "Gender": "Female",
        "Age": "up to 12 years  old",
        "RelationshipWithArt": "Ho un forte interesse per l'arte",
        "RelationshipWithMuseum": "Visito raramente musei e mostre",
        "ContentInLIS": "Vorrei vedere i contenuti in Lingua dei Segni (LIS)"
    },
    {
        "TimeStamp": "04/11/2022 11.55.54",
        "authorUsername": "e4aM9WL7",
        "Gender": "Male",
        "Age": "20-30 years  old",
        "RelationshipWithArt": "Ho un forte interesse per l'arte",
        "RelationshipWithMuseum": "Visito spesso i musei",
        "ContentInLIS": "Vorrei vedere i contenuti in Lingua dei Segni (LIS)"
    },
    {
        "TimeStamp": "04/11/2022 11.55.54",
        "authorUsername": "sXKZ1IUH",
        "Gender": "Female",
        "Age": "45-60 years old",
        "RelationshipWithArt": "Ho un forte interesse per l'arte",
        "RelationshipWithMuseum": "Visito spesso i musei",
        "ContentInLIS": "Vorrei vedere i contenuti in Lingua dei Segni (LIS)"
    },
    {
        "TimeStamp": "04/11/2022 11.56.07",
        "authorUsername": "BTKF72et",
        "Gender": "Female",
        "Age": "20-30 years  old",
        "RelationshipWithArt": "L'arte mi interessa poco",
        "RelationshipWithMuseum": "Visito raramente musei e mostre",
        "ContentInLIS": "Vorrei vedere i contenuti in Lingua dei Segni (LIS)"
    },
    {
        "TimeStamp": "04/11/2022 11.57.19",
        "authorUsername": "e4aM9WL7",
        "Gender": "Male",
        "Age": "13-19 years  old",
        "RelationshipWithArt": "L'arte mi interessa poco",
        "RelationshipWithMuseum": "Visito raramente musei e mostre",
        "ContentInLIS": "Vorrei vedere i contenuti in Lingua dei Segni (LIS)"
    },
    {
        "TimeStamp": "04/11/2022 11.57.27",
        "authorUsername": "6rK3p7za",
        "Gender": "Female",
        "Age": "20-30 years  old",
        "RelationshipWithArt": "Ho un forte interesse per l'arte",
        "RelationshipWithMuseum": "Visito raramente musei e mostre",
        "ContentInLIS": "Vorrei vedere i contenuti in Lingua dei Segni (LIS)"
    },
    {
        "TimeStamp": "04/11/2022 11.57.56",
        "authorUsername": "fqybaAk8",
        "Gender": "Female",
        "Age": "31-45 years  old",
        "RelationshipWithArt": "L'arte mi interessa poco",
        "RelationshipWithMuseum": "Visito raramente musei e mostre",
        "ContentInLIS": "Vorrei vedere i contenuti in Lingua dei Segni (LIS)"
    },
    {
        "TimeStamp": "04/11/2022 11.57.59",
        "authorUsername": "e4aM9WL7",
        "Gender": "Female",
        "Age": "45-60 years old",
        "RelationshipWithArt": "Ho un forte interesse per l'arte",
        "RelationshipWithMuseum": "Visito di tanto in tanto musei e mostre",
        "ContentInLIS": "Vorrei vedere i contenuti in Lingua dei Segni (LIS)"
    },
    {
        "TimeStamp": "04/11/2022 11.58.24",
        "authorUsername": "ox8G7avH",
        "Gender": "Male",
        "Age": "20-30 years  old",
        "RelationshipWithArt": "L'arte mi interessa poco",
        "RelationshipWithMuseum": "Visito raramente musei e mostre",
        "ContentInLIS": "Vorrei vedere i contenuti in Lingua dei Segni (LIS)"
    },
    {
        "TimeStamp": "04/11/2022 11.58.55",
        "authorUsername": "e4aM9WL7",
        "Gender": "Female",
        "Age": "45-60 years old",
        "RelationshipWithArt": "L'arte mi interessa poco",
        "RelationshipWithMuseum": "Visito raramente musei e mostre",
        "ContentInLIS": "Non mi interessano i contenuti in Lingua dei Segni"
    },
    {
        "TimeStamp": "04/11/2022 11.59.59",
        "authorUsername": "e4aM9WL7",
        "Gender": "Female",
        "Age": "20-30 years  old",
        "RelationshipWithArt": "L'arte mi interessa poco",
        "RelationshipWithMuseum": "Visito raramente musei e mostre",
        "ContentInLIS": "Vorrei vedere i contenuti in Lingua dei Segni (LIS)"
    },
    {
        "TimeStamp": "04/11/2022 12.00.34",
        "authorUsername": "e4aM9WL7",
        "Gender": "Female",
        "Age": "31-45 years  old",
        "RelationshipWithArt": "Il mio lavoro riguarda l'arte",
        "RelationshipWithMuseum": "Visito di tanto in tanto musei e mostre",
        "ContentInLIS": "Vorrei vedere i contenuti in Lingua dei Segni (LIS)"
    },
    {
        "TimeStamp": "04/11/2022 12.00.53",
        "authorUsername": "e4aM9WL7",
        "Gender": "Female",
        "Age": "31-45 years  old",
        "RelationshipWithArt": "L'arte mi interessa poco",
        "RelationshipWithMuseum": "Visito di tanto in tanto musei e mostre",
        "ContentInLIS": "Vorrei vedere i contenuti in Lingua dei Segni (LIS)"
    },
    {
        "TimeStamp": "04/11/2022 12.01.01",
        "authorUsername": "ox8G7avH",
        "Gender": "Male",
        "Age": "20-30 years  old",
        "RelationshipWithArt": "L'arte mi interessa poco",
        "RelationshipWithMuseum": "Visito raramente musei e mostre",
        "ContentInLIS": "Vorrei vedere i contenuti in Lingua dei Segni (LIS)"
    },
    {
        "TimeStamp": "04/11/2022 12.02.18",
        "authorUsername": "fqybaAk8",
        "Gender": "Male",
        "Age": "31-45 years  old",
        "RelationshipWithArt": "L'arte mi interessa poco",
        "RelationshipWithMuseum": "Visito di tanto in tanto musei e mostre",
        "ContentInLIS": "Vorrei vedere i contenuti in Lingua dei Segni (LIS)"
    },
    {
        "TimeStamp": "04/11/2022 12.02.48",
        "authorUsername": "e4aM9WL7",
        "Gender": "Female",
        "Age": "45-60 years old",
        "RelationshipWithArt": "Ho un forte interesse per l'arte",
        "RelationshipWithMuseum": "Visito di tanto in tanto musei e mostre",
        "ContentInLIS": "Vorrei vedere i contenuti in Lingua dei Segni (LIS)"
    },
    {
        "TimeStamp": "04/11/2022 12.12.03",
        "authorUsername": "ox8G7avH",
        "Gender": "Female",
        "Age": "31-45 years  old",
        "RelationshipWithArt": "L'arte mi interessa poco",
        "RelationshipWithMuseum": "Visito di tanto in tanto musei e mostre",
        "ContentInLIS": "Vorrei vedere i contenuti in Lingua dei Segni (LIS)"
    },
    {
        "TimeStamp": "09/11/2022 16.29.07",
        "authorUsername": "ox8G7avH",
        "Gender": "Male",
        "Age": "up to12 years  old",
        "RelationshipWithArt": "Il mio lavoro riguarda l'arte",
        "RelationshipWithMuseum": "Visito spesso i musei",
        "ContentInLIS": "Non mi interessano i contenuti in Lingua dei Segni"
    },
    {
        "TimeStamp": "09/11/2022 16.29.49",
        "authorUsername": "fqybaAk8",
        "Gender": "Not binary",
        "Age": "more than 60",
        "RelationshipWithArt": "L'arte mi interessa poco",
        "RelationshipWithMuseum": "Visito di tanto in tanto musei e mostre",
        "ContentInLIS": "Vorrei vedere i contenuti in Lingua dei Segni (LIS)"
    },
    {
        "TimeStamp": "09/11/2022 16.34.29",
        "authorUsername": "6rK3p7za",
        "Gender": "Not specified",
        "Age": "Not specified",
        "RelationshipWithArt": "Non provo nessun interesse per l'arte",
        "RelationshipWithMuseum": "Visito raramente musei e mostre",
        "ContentInLIS": "Non mi interessano i contenuti in Lingua dei Segni"
    },
    {
        "TimeStamp": "09/11/2022 16.39.09",
        "authorUsername": "e4aM9WL7",
        "Gender": "Female",
        "Age": "31-45 years  old",
        "RelationshipWithArt": "Ho un forte interesse per l'arte",
        "RelationshipWithMuseum": "Visito spesso i musei",
        "ContentInLIS": "Non mi interessano i contenuti in Lingua dei Segni"
    },
    {
        "TimeStamp": "09/11/2022 18.00.59",
        "authorUsername": "ox8G7avH",
        "Gender": "Female",
        "Age": "45-60 years old",
        "RelationshipWithArt": "Ho un forte interesse per l'arte",
        "RelationshipWithMuseum": "Visito spesso i musei",
        "ContentInLIS": "Non mi interessano i contenuti in Lingua dei Segni"
    },
    {
        "TimeStamp": "10/11/2022 14.50.54",
        "authorUsername": "e4aM9WL7",
        "Gender": "Female",
        "Age": "45-60 years old",
        "RelationshipWithArt": "Ho un forte interesse per l'arte",
        "RelationshipWithMuseum": "Visito spesso i musei",
        "ContentInLIS": "Non mi interessano i contenuti in Lingua dei Segni"
    },
    {
        "TimeStamp": "10/11/2022 14.51.41",
        "authorUsername": "e4aM9WL7",
        "Gender": "Female",
        "Age": "45-60 years old",
        "RelationshipWithArt": "Ho un forte interesse per l'arte",
        "RelationshipWithMuseum": "Visito spesso i musei",
        "ContentInLIS": "Non mi interessano i contenuti in Lingua dei Segni"
    },
    {
        "TimeStamp": "10/11/2022 15.17.09",
        "authorUsername": "e4aM9WL7",
        "Gender": "Female",
        "Age": "13-19 years  old",
        "RelationshipWithArt": "Ho un forte interesse per l'arte",
        "RelationshipWithMuseum": "Visito spesso i musei",
        "ContentInLIS": "Non mi interessano i contenuti in Lingua dei Segni"
    },
    {
        "TimeStamp": "10/11/2022 15.33.03",
        "authorUsername": "e4aM9WL7",
        "Gender": "Female",
        "Age": "45-60 years old",
        "RelationshipWithArt": "Ho un forte interesse per l'arte",
        "RelationshipWithMuseum": "Visito spesso i musei",
        "ContentInLIS": "Vorrei vedere i contenuti in Lingua dei Segni (LIS)"
    },
    {
        "TimeStamp": "10/11/2022 15.36.39",
        "authorUsername": "6rK3p7za",
        "Gender": "Not binary",
        "Age": "20-30 years  old",
        "RelationshipWithArt": "L'arte mi interessa poco",
        "RelationshipWithMuseum": "Visito raramente musei e mostre",
        "ContentInLIS": "Vorrei vedere i contenuti in Lingua dei Segni (LIS)"
    },
    {
        "TimeStamp": "10/11/2022 15.45.57",
        "authorUsername": "e4aM9WL7",
        "Gender": "Female",
        "Age": "45-60 years old",
        "RelationshipWithArt": "Ho un forte interesse per l'arte",
        "RelationshipWithMuseum": "Visito spesso i musei",
        "ContentInLIS": "Non mi interessano i contenuti in Lingua dei Segni"
    },
    {
        "TimeStamp": "10/11/2022 15.50.34",
        "authorUsername": "6rK3p7za",
        "Gender": "Female",
        "Age": "45-60 years old",
        "RelationshipWithArt": "Ho un forte interesse per l'arte",
        "RelationshipWithMuseum": "Visito spesso i musei",
        "ContentInLIS": "Non mi interessano i contenuti in Lingua dei Segni"
    },
    {
        "TimeStamp": "10/11/2022 16.29.39",
        "authorUsername": "BTKF72et",
        "Gender": "Female",
        "Age": "45-60 years old",
        "RelationshipWithArt": "L'arte mi interessa poco",
        "RelationshipWithMuseum": "Visito raramente musei e mostre",
        "ContentInLIS": "Non mi interessano i contenuti in Lingua dei Segni"
    },
    {
        "TimeStamp": "10/11/2022 16.36.59",
        "authorUsername": "e4aM9WL7",
        "Gender": "Female",
        "Age": "45-60 years old",
        "RelationshipWithArt": "Ho un forte interesse per l'arte",
        "RelationshipWithMuseum": "Visito spesso i musei",
        "ContentInLIS": "Non mi interessano i contenuti in Lingua dei Segni"
    },
    {
        "TimeStamp": "10/11/2022 18.01.22",
        "authorUsername": "e4aM9WL7",
        "Gender": "Female",
        "Age": "45-60 years old",
        "RelationshipWithArt": "Ho un forte interesse per l'arte",
        "RelationshipWithMuseum": "Visito spesso i musei",
        "ContentInLIS": "Vorrei vedere i contenuti in Lingua dei Segni (LIS)"
    }
]