[
    {
        "_id": "ESgjVz8z",
        "userName": "ESgjVz8z",
        "TimeStamps": "01/10/2022 16:11:35",
        "Gender": "Femmina",
        "Age": "20-30 anni",
        "relationship_with_arts": "Ho un forte interesse per l'arte",
        "relationship_with_museums": "Visito di tanto in tanto musei e mostre",
        "content_breaking": "Non mi interessano i contenuti in Lingua dei Segni",
        "_datasetid": "c463550f-12ca-47d8-a1f7-8fda690781cb",
        "_timestamp": 1665122460,
        "_timestamp_year": 2022,
        "_timestamp_month": 10,
        "_timestamp_day": 7,
        "_timestamp_hour": 7,
        "_timestamp_minute": 1,
        "_timestamp_second": 0,
        "_updated": true
    },
    {
        "_id": "FVhf7OMw",
        "userName": "FVhf7OMw",
        "TimeStamps": "01/10/2022 17:20:13",
        "Gender": "Femmina",
        "Age": "20-30 anni",
        "relationship_with_arts": "Ho un forte interesse per l'arte",
        "relationship_with_museums": "Visito di tanto in tanto musei e mostre",
        "content_breaking": "Non mi interessano i contenuti in Lingua dei Segni",
        "_datasetid": "c463550f-12ca-47d8-a1f7-8fda690781cb",
        "_timestamp": 1665122460,
        "_timestamp_year": 2022,
        "_timestamp_month": 10,
        "_timestamp_day": 7,
        "_timestamp_hour": 7,
        "_timestamp_minute": 1,
        "_timestamp_second": 0,
        "_updated": true
    },
    {
        "_id": "KQTGApjD",
        "userName": "KQTGApjD",
        "TimeStamps": "01/10/2022 16:59:07",
        "Gender": "Femmina",
        "Age": "20-30 anni",
        "relationship_with_arts": "L'arte mi interessa poco",
        "relationship_with_museums": "Visito raramente musei e mostre",
        "content_breaking": "Non mi interessano i contenuti in Lingua dei Segni",
        "_datasetid": "c463550f-12ca-47d8-a1f7-8fda690781cb",
        "_timestamp": 1665122459,
        "_timestamp_year": 2022,
        "_timestamp_month": 10,
        "_timestamp_day": 7,
        "_timestamp_hour": 7,
        "_timestamp_minute": 0,
        "_timestamp_second": 59,
        "_updated": true
    },
    {
        "_id": "EjiUsK4q",
        "userName": "EjiUsK4q",
        "TimeStamps": "01/10/2022 14:50:52",
        "Gender": "Femmina",
        "Age": "13-19 anni",
        "relationship_with_arts": "L'arte mi interessa poco",
        "relationship_with_museums": "Visito di tanto in tanto musei e mostre",
        "content_breaking": "Vorrei vedere i contenuti in Lingua dei Segni (LIS)",
        "_datasetid": "c463550f-12ca-47d8-a1f7-8fda690781cb",
        "_timestamp": 1665122459,
        "_timestamp_year": 2022,
        "_timestamp_month": 10,
        "_timestamp_day": 7,
        "_timestamp_hour": 7,
        "_timestamp_minute": 0,
        "_timestamp_second": 59,
        "_updated": true
    },
    {
        "_id": "Qznzzgyq",
        "userName": "Qznzzgyq",
        "TimeStamps": "01/10/2022 17:05:36",
        "Gender": "Maschio",
        "Age": "20-30 anni",
        "relationship_with_arts": "L'arte mi interessa poco",
        "relationship_with_museums": "Visito di tanto in tanto musei e mostre",
        "content_breaking": "Non mi interessano i contenuti in Lingua dei Segni",
        "_datasetid": "c463550f-12ca-47d8-a1f7-8fda690781cb",
        "_timestamp": 1665122459,
        "_timestamp_year": 2022,
        "_timestamp_month": 10,
        "_timestamp_day": 7,
        "_timestamp_hour": 7,
        "_timestamp_minute": 0,
        "_timestamp_second": 59,
        "_updated": true
    },
    {
        "_id": "g1TFBL2O",
        "userName": "g1TFBL2O",
        "TimeStamps": "01/10/2022 14:01:37",
        "Gender": "Femmina",
        "Age": "45-60",
        "relationship_with_arts": "Il mio lavoro riguarda l'arte",
        "relationship_with_museums": "Visito spesso i musei",
        "content_breaking": "Vorrei vedere i contenuti in Lingua dei Segni (LIS)",
        "_datasetid": "c463550f-12ca-47d8-a1f7-8fda690781cb",
        "_timestamp": 1665122459,
        "_timestamp_year": 2022,
        "_timestamp_month": 10,
        "_timestamp_day": 7,
        "_timestamp_hour": 7,
        "_timestamp_minute": 0,
        "_timestamp_second": 59,
        "_updated": true
    },
    {
        "_id": "wr3s3Q8I",
        "userName": "wr3s3Q8I",
        "TimeStamps": "01/10/2022 11:49:59",
        "Gender": "Preferisco non specificarlo",
        "Age": "45-60",
        "relationship_with_arts": "L'arte mi interessa poco",
        "relationship_with_museums": "Visito di tanto in tanto musei e mostre",
        "content_breaking": "Non mi interessano i contenuti in Lingua dei Segni",
        "_datasetid": "c463550f-12ca-47d8-a1f7-8fda690781cb",
        "_timestamp": 1665122459,
        "_timestamp_year": 2022,
        "_timestamp_month": 10,
        "_timestamp_day": 7,
        "_timestamp_hour": 7,
        "_timestamp_minute": 0,
        "_timestamp_second": 59,
        "_updated": true
    },
    {
        "_id": "9OxdrHr9",
        "userName": "9OxdrHr9",
        "TimeStamps": "01/10/2022 15:55:41",
        "Gender": "Maschio",
        "Age": "20-30 anni",
        "relationship_with_arts": "Ho un forte interesse per l'arte",
        "relationship_with_museums": "Visito di tanto in tanto musei e mostre",
        "content_breaking": "Vorrei vedere i contenuti in Lingua dei Segni (LIS)",
        "_datasetid": "c463550f-12ca-47d8-a1f7-8fda690781cb",
        "_timestamp": 1665122458,
        "_timestamp_year": 2022,
        "_timestamp_month": 10,
        "_timestamp_day": 7,
        "_timestamp_hour": 7,
        "_timestamp_minute": 0,
        "_timestamp_second": 58,
        "_updated": true
    },
    {
        "_id": "8bo9vRya",
        "userName": "8bo9vRya",
        "TimeStamps": "01/10/2022 11:55:06",
        "Gender": "Maschio",
        "Age": "45-60",
        "relationship_with_arts": "Ho un forte interesse per l'arte",
        "relationship_with_museums": "Visito spesso i musei",
        "content_breaking": "Non mi interessano i contenuti in Lingua dei Segni",
        "_datasetid": "c463550f-12ca-47d8-a1f7-8fda690781cb",
        "_timestamp": 1665122458,
        "_timestamp_year": 2022,
        "_timestamp_month": 10,
        "_timestamp_day": 7,
        "_timestamp_hour": 7,
        "_timestamp_minute": 0,
        "_timestamp_second": 58,
        "_updated": true
    },
    {
        "_id": "Sz5Wx2XD",
        "userName": "Sz5Wx2XD",
        "TimeStamps": "01/10/2022 17:47:27",
        "Gender": "Maschio",
        "Age": "20-30 anni",
        "relationship_with_arts": "Ho un forte interesse per l'arte",
        "relationship_with_museums": "Visito di tanto in tanto musei e mostre",
        "content_breaking": "Non mi interessano i contenuti in Lingua dei Segni",
        "_datasetid": "c463550f-12ca-47d8-a1f7-8fda690781cb",
        "_timestamp": 1665122458,
        "_timestamp_year": 2022,
        "_timestamp_month": 10,
        "_timestamp_day": 7,
        "_timestamp_hour": 7,
        "_timestamp_minute": 0,
        "_timestamp_second": 58,
        "_updated": true
    },
    {
        "_id": "xTeGAzfh",
        "userName": "xTeGAzfh",
        "TimeStamps": "01/10/2022 12:25:42",
        "Gender": "Maschio",
        "Age": "20-30 anni",
        "relationship_with_arts": "L'arte mi interessa poco",
        "relationship_with_museums": "Visito di tanto in tanto musei e mostre",
        "content_breaking": "Non mi interessano i contenuti in Lingua dei Segni",
        "_datasetid": "c463550f-12ca-47d8-a1f7-8fda690781cb",
        "_timestamp": 1665122458,
        "_timestamp_year": 2022,
        "_timestamp_month": 10,
        "_timestamp_day": 7,
        "_timestamp_hour": 7,
        "_timestamp_minute": 0,
        "_timestamp_second": 58,
        "_updated": true
    },
    {
        "_id": "tLNZGrnb",
        "userName": "tLNZGrnb",
        "TimeStamps": "01/10/2022 15:17:04",
        "Gender": "Maschio",
        "Age": "45-60",
        "relationship_with_arts": "Ho un forte interesse per l'arte",
        "relationship_with_museums": "Visito spesso i musei",
        "content_breaking": "Non mi interessano i contenuti in Lingua dei Segni",
        "_datasetid": "c463550f-12ca-47d8-a1f7-8fda690781cb",
        "_timestamp": 1665122458,
        "_timestamp_year": 2022,
        "_timestamp_month": 10,
        "_timestamp_day": 7,
        "_timestamp_hour": 7,
        "_timestamp_minute": 0,
        "_timestamp_second": 58,
        "_updated": true
    },
    {
        "_id": "ILGC7yoM",
        "userName": "ILGC7yoM",
        "TimeStamps": "01/10/2022 16:24:16",
        "Gender": "Maschio",
        "Age": "13-19 anni",
        "relationship_with_arts": "Ho un forte interesse per l'arte",
        "relationship_with_museums": "Visito di tanto in tanto musei e mostre",
        "content_breaking": "Vorrei vedere i contenuti in Lingua dei Segni (LIS)",
        "_datasetid": "c463550f-12ca-47d8-a1f7-8fda690781cb",
        "_timestamp": 1665122457,
        "_timestamp_year": 2022,
        "_timestamp_month": 10,
        "_timestamp_day": 7,
        "_timestamp_hour": 7,
        "_timestamp_minute": 0,
        "_timestamp_second": 57,
        "_updated": true
    },
    {
        "_id": "Y0WXF1LR",
        "userName": "Y0WXF1LR",
        "TimeStamps": "01/10/2022 17:21:17",
        "Gender": "Femmina",
        "Age": "pi\u00f9 di 60",
        "relationship_with_arts": "Il mio lavoro riguarda l'arte",
        "relationship_with_museums": "Visito spesso i musei",
        "content_breaking": "Non mi interessano i contenuti in Lingua dei Segni",
        "_datasetid": "c463550f-12ca-47d8-a1f7-8fda690781cb",
        "_timestamp": 1665122457,
        "_timestamp_year": 2022,
        "_timestamp_month": 10,
        "_timestamp_day": 7,
        "_timestamp_hour": 7,
        "_timestamp_minute": 0,
        "_timestamp_second": 57,
        "_updated": true
    },
    {
        "_id": "RQ4a2nIG",
        "userName": "RQ4a2nIG",
        "TimeStamps": "01/10/2022 11:21:12",
        "Gender": "Preferisco non specificarlo",
        "Age": "Preferisco non specificarlo",
        "relationship_with_arts": "Non provo nessun interesse per l'arte",
        "relationship_with_museums": "Visito raramente musei e mostre",
        "content_breaking": "Non mi interessano i contenuti in Lingua dei Segni",
        "_datasetid": "c463550f-12ca-47d8-a1f7-8fda690781cb",
        "_timestamp": 1665122457,
        "_timestamp_year": 2022,
        "_timestamp_month": 10,
        "_timestamp_day": 7,
        "_timestamp_hour": 7,
        "_timestamp_minute": 0,
        "_timestamp_second": 57,
        "_updated": true
    },
    {
        "_id": "yjlouq5U",
        "userName": "yjlouq5U",
        "TimeStamps": "01/10/2022 17:20:01",
        "Gender": "Femmina",
        "Age": "20-30 anni",
        "relationship_with_arts": "Ho un forte interesse per l'arte",
        "relationship_with_museums": "Visito di tanto in tanto musei e mostre",
        "content_breaking": "Vorrei vedere i contenuti in Lingua dei Segni (LIS)",
        "_datasetid": "c463550f-12ca-47d8-a1f7-8fda690781cb",
        "_timestamp": 1665122457,
        "_timestamp_year": 2022,
        "_timestamp_month": 10,
        "_timestamp_day": 7,
        "_timestamp_hour": 7,
        "_timestamp_minute": 0,
        "_timestamp_second": 57,
        "_updated": true
    },
    {
        "_id": "hIYpFFD9",
        "userName": "hIYpFFD9",
        "TimeStamps": "01/10/2022 12:24:31",
        "Gender": "Preferisco non specificarlo",
        "Age": "31-45 anni",
        "relationship_with_arts": "Il mio lavoro riguarda l'arte",
        "relationship_with_museums": "Visito spesso i musei",
        "content_breaking": "Non mi interessano i contenuti in Lingua dei Segni",
        "_datasetid": "c463550f-12ca-47d8-a1f7-8fda690781cb",
        "_timestamp": 1665122457,
        "_timestamp_year": 2022,
        "_timestamp_month": 10,
        "_timestamp_day": 7,
        "_timestamp_hour": 7,
        "_timestamp_minute": 0,
        "_timestamp_second": 57,
        "_updated": true
    },
    {
        "_id": "qh52qWvy",
        "userName": "qh52qWvy",
        "TimeStamps": "01/10/2022 23:09:53",
        "Gender": "Femmina",
        "Age": "13-19 anni",
        "relationship_with_arts": "Ho un forte interesse per l'arte",
        "relationship_with_museums": "Visito di tanto in tanto musei e mostre",
        "content_breaking": "Vorrei vedere i contenuti in Lingua dei Segni (LIS)",
        "_datasetid": "c463550f-12ca-47d8-a1f7-8fda690781cb",
        "_timestamp": 1665122456,
        "_timestamp_year": 2022,
        "_timestamp_month": 10,
        "_timestamp_day": 7,
        "_timestamp_hour": 7,
        "_timestamp_minute": 0,
        "_timestamp_second": 56,
        "_updated": true
    },
    {
        "_id": "WsK2A1ab",
        "userName": "WsK2A1ab",
        "TimeStamps": "01/10/2022 14:56:53",
        "Gender": "Maschio",
        "Age": "pi\u00f9 di 60",
        "relationship_with_arts": "L'arte mi interessa poco",
        "relationship_with_museums": "Visito di tanto in tanto musei e mostre",
        "content_breaking": "Non mi interessano i contenuti in Lingua dei Segni",
        "_datasetid": "c463550f-12ca-47d8-a1f7-8fda690781cb",
        "_timestamp": 1665122456,
        "_timestamp_year": 2022,
        "_timestamp_month": 10,
        "_timestamp_day": 7,
        "_timestamp_hour": 7,
        "_timestamp_minute": 0,
        "_timestamp_second": 56,
        "_updated": true
    },
    {
        "_id": "rh2ouJ8K",
        "userName": "rh2ouJ8K",
        "TimeStamps": "01/10/2022 18:00:56",
        "Gender": "Maschio",
        "Age": "31-45 anni",
        "relationship_with_arts": "Ho un forte interesse per l'arte",
        "relationship_with_museums": "Visito spesso i musei",
        "content_breaking": "Non mi interessano i contenuti in Lingua dei Segni",
        "_datasetid": "c463550f-12ca-47d8-a1f7-8fda690781cb",
        "_timestamp": 1665122456,
        "_timestamp_year": 2022,
        "_timestamp_month": 10,
        "_timestamp_day": 7,
        "_timestamp_hour": 7,
        "_timestamp_minute": 0,
        "_timestamp_second": 56,
        "_updated": true
    },
    {
        "_id": "H4HTW2fP",
        "userName": "H4HTW2fP",
        "TimeStamps": "01/10/2022 17:18:29",
        "Gender": "Femmina",
        "Age": "20-30 anni",
        "relationship_with_arts": "L'arte mi interessa poco",
        "relationship_with_museums": "Visito spesso i musei",
        "content_breaking": "Non mi interessano i contenuti in Lingua dei Segni",
        "_datasetid": "c463550f-12ca-47d8-a1f7-8fda690781cb",
        "_timestamp": 1665122456,
        "_timestamp_year": 2022,
        "_timestamp_month": 10,
        "_timestamp_day": 7,
        "_timestamp_hour": 7,
        "_timestamp_minute": 0,
        "_timestamp_second": 56,
        "_updated": true
    },
    {
        "_id": "zZbRbDHJ",
        "userName": "zZbRbDHJ",
        "TimeStamps": "01/10/2022 16:39:52",
        "Gender": "Maschio",
        "Age": "45-60",
        "relationship_with_arts": "Ho un forte interesse per l'arte",
        "relationship_with_museums": "Visito spesso i musei",
        "content_breaking": "Non mi interessano i contenuti in Lingua dei Segni",
        "_datasetid": "c463550f-12ca-47d8-a1f7-8fda690781cb",
        "_timestamp": 1665122456,
        "_timestamp_year": 2022,
        "_timestamp_month": 10,
        "_timestamp_day": 7,
        "_timestamp_hour": 7,
        "_timestamp_minute": 0,
        "_timestamp_second": 56,
        "_updated": true
    },
    {
        "_id": "IxWPl3jn",
        "userName": "IxWPl3jn",
        "TimeStamps": "01/10/2022 15:55:01",
        "Gender": "Femmina",
        "Age": "20-30 anni",
        "relationship_with_arts": "L'arte mi interessa poco",
        "relationship_with_museums": "Visito di tanto in tanto musei e mostre",
        "content_breaking": "Vorrei vedere i contenuti in Lingua dei Segni (LIS)",
        "_datasetid": "c463550f-12ca-47d8-a1f7-8fda690781cb",
        "_timestamp": 1665122455,
        "_timestamp_year": 2022,
        "_timestamp_month": 10,
        "_timestamp_day": 7,
        "_timestamp_hour": 7,
        "_timestamp_minute": 0,
        "_timestamp_second": 55,
        "_updated": true
    },
    {
        "_id": "Ze8j8vow",
        "userName": "Ze8j8vow",
        "TimeStamps": "01/10/2022 13:34:27",
        "Gender": "Femmina",
        "Age": "20-30 anni",
        "relationship_with_arts": "Non provo nessun interesse per l'arte",
        "relationship_with_museums": "Visito raramente musei e mostre",
        "content_breaking": "Vorrei vedere i contenuti in Lingua dei Segni (LIS)",
        "_datasetid": "c463550f-12ca-47d8-a1f7-8fda690781cb",
        "_timestamp": 1665122455,
        "_timestamp_year": 2022,
        "_timestamp_month": 10,
        "_timestamp_day": 7,
        "_timestamp_hour": 7,
        "_timestamp_minute": 0,
        "_timestamp_second": 55,
        "_updated": true
    },
    {
        "_id": "cBjFhvjx",
        "userName": "cBjFhvjx",
        "TimeStamps": "01/10/2022 16:58:18",
        "Gender": "Maschio",
        "Age": "20-30 anni",
        "relationship_with_arts": "Ho un forte interesse per l'arte",
        "relationship_with_museums": "Visito spesso i musei",
        "content_breaking": "Non mi interessano i contenuti in Lingua dei Segni",
        "_datasetid": "c463550f-12ca-47d8-a1f7-8fda690781cb",
        "_timestamp": 1665122455,
        "_timestamp_year": 2022,
        "_timestamp_month": 10,
        "_timestamp_day": 7,
        "_timestamp_hour": 7,
        "_timestamp_minute": 0,
        "_timestamp_second": 55,
        "_updated": true
    },
    {
        "_id": "WYCImqGm",
        "userName": "WYCImqGm",
        "TimeStamps": "01/10/2022 15:54:48",
        "Gender": "Femmina",
        "Age": "20-30 anni",
        "relationship_with_arts": "Ho un forte interesse per l'arte",
        "relationship_with_museums": "Visito spesso i musei",
        "content_breaking": "Vorrei vedere i contenuti in Lingua dei Segni (LIS)",
        "_datasetid": "c463550f-12ca-47d8-a1f7-8fda690781cb",
        "_timestamp": 1665122455,
        "_timestamp_year": 2022,
        "_timestamp_month": 10,
        "_timestamp_day": 7,
        "_timestamp_hour": 7,
        "_timestamp_minute": 0,
        "_timestamp_second": 55,
        "_updated": true
    },
    {
        "_id": "oLIVkH63",
        "userName": "oLIVkH63",
        "TimeStamps": "01/10/2022 15:16:59",
        "Gender": "Femmina",
        "Age": "20-30 anni",
        "relationship_with_arts": "Ho un forte interesse per l'arte",
        "relationship_with_museums": "Visito di tanto in tanto musei e mostre",
        "content_breaking": "Vorrei vedere i contenuti in Lingua dei Segni (LIS)",
        "_datasetid": "c463550f-12ca-47d8-a1f7-8fda690781cb",
        "_timestamp": 1665122455,
        "_timestamp_year": 2022,
        "_timestamp_month": 10,
        "_timestamp_day": 7,
        "_timestamp_hour": 7,
        "_timestamp_minute": 0,
        "_timestamp_second": 55,
        "_updated": true
    },
    {
        "_id": "Z0Yh1OKl",
        "userName": "Z0Yh1OKl",
        "TimeStamps": "01/10/2022 15:35:09",
        "Gender": "Femmina",
        "Age": "31-45 anni",
        "relationship_with_arts": "Ho un forte interesse per l'arte",
        "relationship_with_museums": "Visito spesso i musei",
        "content_breaking": "Vorrei vedere i contenuti in Lingua dei Segni (LIS)",
        "_datasetid": "c463550f-12ca-47d8-a1f7-8fda690781cb",
        "_timestamp": 1665122454,
        "_timestamp_year": 2022,
        "_timestamp_month": 10,
        "_timestamp_day": 7,
        "_timestamp_hour": 7,
        "_timestamp_minute": 0,
        "_timestamp_second": 54,
        "_updated": true
    },
    {
        "_id": "yPwQH2dv",
        "userName": "yPwQH2dv",
        "TimeStamps": "01/10/2022 13:26:19",
        "Gender": "Maschio",
        "Age": "20-30 anni",
        "relationship_with_arts": "Ho un forte interesse per l'arte",
        "relationship_with_museums": "Visito spesso i musei",
        "content_breaking": "Vorrei vedere i contenuti in Lingua dei Segni (LIS)",
        "_datasetid": "c463550f-12ca-47d8-a1f7-8fda690781cb",
        "_timestamp": 1665122454,
        "_timestamp_year": 2022,
        "_timestamp_month": 10,
        "_timestamp_day": 7,
        "_timestamp_hour": 7,
        "_timestamp_minute": 0,
        "_timestamp_second": 54,
        "_updated": true
    },
    {
        "_id": "B3N0HGw4",
        "userName": "B3N0HGw4",
        "TimeStamps": "01/10/2022 17:07:46",
        "Gender": "Femmina",
        "Age": "20-30 anni",
        "relationship_with_arts": "Ho un forte interesse per l'arte",
        "relationship_with_museums": "Visito di tanto in tanto musei e mostre",
        "content_breaking": "Vorrei vedere i contenuti in Lingua dei Segni (LIS)",
        "_datasetid": "c463550f-12ca-47d8-a1f7-8fda690781cb",
        "_timestamp": 1665122454,
        "_timestamp_year": 2022,
        "_timestamp_month": 10,
        "_timestamp_day": 7,
        "_timestamp_hour": 7,
        "_timestamp_minute": 0,
        "_timestamp_second": 54,
        "_updated": true
    },
    {
        "_id": "xLKHQujh",
        "userName": "xLKHQujh",
        "TimeStamps": "01/10/2022 18:03:43",
        "Gender": "Femmina",
        "Age": "20-30 anni",
        "relationship_with_arts": "L'arte mi interessa poco",
        "relationship_with_museums": "Visito di tanto in tanto musei e mostre",
        "content_breaking": "Non mi interessano i contenuti in Lingua dei Segni",
        "_datasetid": "c463550f-12ca-47d8-a1f7-8fda690781cb",
        "_timestamp": 1665122454,
        "_timestamp_year": 2022,
        "_timestamp_month": 10,
        "_timestamp_day": 7,
        "_timestamp_hour": 7,
        "_timestamp_minute": 0,
        "_timestamp_second": 54,
        "_updated": true
    },
    {
        "_id": "x2AUnHqw",
        "userName": "x2AUnHqw",
        "TimeStamps": "01/10/2022 15:45:38",
        "Gender": "Femmina",
        "Age": "20-30 anni",
        "relationship_with_arts": "L'arte mi interessa poco",
        "relationship_with_museums": "Visito raramente musei e mostre",
        "content_breaking": "Vorrei vedere i contenuti in Lingua dei Segni (LIS)",
        "_datasetid": "c463550f-12ca-47d8-a1f7-8fda690781cb",
        "_timestamp": 1665122454,
        "_timestamp_year": 2022,
        "_timestamp_month": 10,
        "_timestamp_day": 7,
        "_timestamp_hour": 7,
        "_timestamp_minute": 0,
        "_timestamp_second": 54,
        "_updated": true
    },
    {
        "_id": "ON7PiJDX",
        "userName": "ON7PiJDX",
        "TimeStamps": "01/10/2022 16:38:40",
        "Gender": "Femmina",
        "Age": "45-60",
        "relationship_with_arts": "Ho un forte interesse per l'arte",
        "relationship_with_museums": "Visito di tanto in tanto musei e mostre",
        "content_breaking": "Vorrei vedere i contenuti in Lingua dei Segni (LIS)",
        "_datasetid": "c463550f-12ca-47d8-a1f7-8fda690781cb",
        "_timestamp": 1665122453,
        "_timestamp_year": 2022,
        "_timestamp_month": 10,
        "_timestamp_day": 7,
        "_timestamp_hour": 7,
        "_timestamp_minute": 0,
        "_timestamp_second": 53,
        "_updated": true
    },
    {
        "_id": "L1IvV8Lh",
        "userName": "L1IvV8Lh",
        "TimeStamps": "01/10/2022 17:30:14",
        "Gender": "Femmina",
        "Age": "31-45 anni",
        "relationship_with_arts": "Ho un forte interesse per l'arte",
        "relationship_with_museums": "Visito di tanto in tanto musei e mostre",
        "content_breaking": "Vorrei vedere i contenuti in Lingua dei Segni (LIS)",
        "_datasetid": "c463550f-12ca-47d8-a1f7-8fda690781cb",
        "_timestamp": 1665122453,
        "_timestamp_year": 2022,
        "_timestamp_month": 10,
        "_timestamp_day": 7,
        "_timestamp_hour": 7,
        "_timestamp_minute": 0,
        "_timestamp_second": 53,
        "_updated": true
    },
    {
        "_id": "DaG3ihhE",
        "userName": "DaG3ihhE",
        "TimeStamps": "01/10/2022 17:49:47",
        "Gender": "Maschio",
        "Age": "20-30 anni",
        "relationship_with_arts": "Ho un forte interesse per l'arte",
        "relationship_with_museums": "Visito di tanto in tanto musei e mostre",
        "content_breaking": "Non mi interessano i contenuti in Lingua dei Segni",
        "_datasetid": "c463550f-12ca-47d8-a1f7-8fda690781cb",
        "_timestamp": 1665122453,
        "_timestamp_year": 2022,
        "_timestamp_month": 10,
        "_timestamp_day": 7,
        "_timestamp_hour": 7,
        "_timestamp_minute": 0,
        "_timestamp_second": 53,
        "_updated": true
    },
    {
        "_id": "ihf3UjPQ",
        "userName": "ihf3UjPQ",
        "TimeStamps": "01/10/2022 17:12:06",
        "Gender": "Maschio",
        "Age": "20-30 anni",
        "relationship_with_arts": "L'arte mi interessa poco",
        "relationship_with_museums": "Visito raramente musei e mostre",
        "content_breaking": "Non mi interessano i contenuti in Lingua dei Segni",
        "_datasetid": "c463550f-12ca-47d8-a1f7-8fda690781cb",
        "_timestamp": 1665122453,
        "_timestamp_year": 2022,
        "_timestamp_month": 10,
        "_timestamp_day": 7,
        "_timestamp_hour": 7,
        "_timestamp_minute": 0,
        "_timestamp_second": 53,
        "_updated": true
    },
    {
        "_id": "Prg8AFA8",
        "userName": "Prg8AFA8",
        "TimeStamps": "01/10/2022 12:25:31",
        "Gender": "Maschio",
        "Age": "20-30 anni",
        "relationship_with_arts": "L'arte mi interessa poco",
        "relationship_with_museums": "Visito di tanto in tanto musei e mostre",
        "content_breaking": "Non mi interessano i contenuti in Lingua dei Segni",
        "_datasetid": "c463550f-12ca-47d8-a1f7-8fda690781cb",
        "_timestamp": 1665122453,
        "_timestamp_year": 2022,
        "_timestamp_month": 10,
        "_timestamp_day": 7,
        "_timestamp_hour": 7,
        "_timestamp_minute": 0,
        "_timestamp_second": 53,
        "_updated": true
    },
    {
        "_id": "q2BDj1os",
        "userName": "q2BDj1os",
        "TimeStamps": "01/10/2022 15:15:45",
        "Gender": "Maschio",
        "Age": "45-60",
        "relationship_with_arts": "Ho un forte interesse per l'arte",
        "relationship_with_museums": "Visito spesso i musei",
        "content_breaking": "Non mi interessano i contenuti in Lingua dei Segni",
        "_datasetid": "c463550f-12ca-47d8-a1f7-8fda690781cb",
        "_timestamp": 1665122452,
        "_timestamp_year": 2022,
        "_timestamp_month": 10,
        "_timestamp_day": 7,
        "_timestamp_hour": 7,
        "_timestamp_minute": 0,
        "_timestamp_second": 52,
        "_updated": true
    },
    {
        "_id": "iuIdJidm",
        "userName": "iuIdJidm",
        "TimeStamps": "01/10/2022 15:54:56",
        "Gender": "Femmina",
        "Age": "20-30 anni",
        "relationship_with_arts": "Ho un forte interesse per l'arte",
        "relationship_with_museums": "Visito di tanto in tanto musei e mostre",
        "content_breaking": "Vorrei vedere i contenuti in Lingua dei Segni (LIS)",
        "_datasetid": "c463550f-12ca-47d8-a1f7-8fda690781cb",
        "_timestamp": 1665122452,
        "_timestamp_year": 2022,
        "_timestamp_month": 10,
        "_timestamp_day": 7,
        "_timestamp_hour": 7,
        "_timestamp_minute": 0,
        "_timestamp_second": 52,
        "_updated": true
    },
    {
        "_id": "JgevtrSb",
        "userName": "JgevtrSb",
        "TimeStamps": "30/09/2022 11:16:16",
        "Gender": "Preferisco non specificarlo",
        "Age": "45-60",
        "relationship_with_arts": "Ho un forte interesse per l'arte",
        "relationship_with_museums": "Visito spesso i musei",
        "content_breaking": "Non mi interessano i contenuti in Lingua dei Segni",
        "_datasetid": "c463550f-12ca-47d8-a1f7-8fda690781cb",
        "_timestamp": 1665122452,
        "_timestamp_year": 2022,
        "_timestamp_month": 10,
        "_timestamp_day": 7,
        "_timestamp_hour": 7,
        "_timestamp_minute": 0,
        "_timestamp_second": 52,
        "_updated": true
    },
    {
        "_id": "Z6UTqfYi",
        "userName": "Z6UTqfYi",
        "TimeStamps": "01/10/2022 18:28:38",
        "Gender": "Maschio",
        "Age": "45-60",
        "relationship_with_arts": "Ho un forte interesse per l'arte",
        "relationship_with_museums": "Visito di tanto in tanto musei e mostre",
        "content_breaking": "Non mi interessano i contenuti in Lingua dei Segni",
        "_datasetid": "c463550f-12ca-47d8-a1f7-8fda690781cb",
        "_timestamp": 1665122452,
        "_timestamp_year": 2022,
        "_timestamp_month": 10,
        "_timestamp_day": 7,
        "_timestamp_hour": 7,
        "_timestamp_minute": 0,
        "_timestamp_second": 52,
        "_updated": true
    },
    {
        "_id": "2fCGLTjm",
        "userName": "2fCGLTjm",
        "TimeStamps": "01/10/2022 17:36:47",
        "Gender": "Maschio",
        "Age": "20-30 anni",
        "relationship_with_arts": "L'arte mi interessa poco",
        "relationship_with_museums": "Visito di tanto in tanto musei e mostre",
        "content_breaking": "Non mi interessano i contenuti in Lingua dei Segni",
        "_datasetid": "c463550f-12ca-47d8-a1f7-8fda690781cb",
        "_timestamp": 1665122452,
        "_timestamp_year": 2022,
        "_timestamp_month": 10,
        "_timestamp_day": 7,
        "_timestamp_hour": 7,
        "_timestamp_minute": 0,
        "_timestamp_second": 52,
        "_updated": true
    },
    {
        "_id": "LvIeXwcT",
        "userName": "LvIeXwcT",
        "TimeStamps": "01/10/2022 10:53:03",
        "Gender": "Preferisco non specificarlo",
        "Age": "45-60",
        "relationship_with_arts": "Non provo nessun interesse per l'arte",
        "relationship_with_museums": "Visito raramente musei e mostre",
        "content_breaking": "Non mi interessano i contenuti in Lingua dei Segni",
        "_datasetid": "c463550f-12ca-47d8-a1f7-8fda690781cb",
        "_timestamp": 1665122451,
        "_timestamp_year": 2022,
        "_timestamp_month": 10,
        "_timestamp_day": 7,
        "_timestamp_hour": 7,
        "_timestamp_minute": 0,
        "_timestamp_second": 51,
        "_updated": true
    },
    {
        "_id": "onDqgFnI",
        "userName": "onDqgFnI",
        "TimeStamps": "01/10/2022 16:58:57",
        "Gender": "Maschio",
        "Age": "31-45 anni",
        "relationship_with_arts": "Il mio lavoro riguarda l'arte",
        "relationship_with_museums": "Visito spesso i musei",
        "content_breaking": "Vorrei vedere i contenuti in Lingua dei Segni (LIS)",
        "_datasetid": "c463550f-12ca-47d8-a1f7-8fda690781cb",
        "_timestamp": 1665122451,
        "_timestamp_year": 2022,
        "_timestamp_month": 10,
        "_timestamp_day": 7,
        "_timestamp_hour": 7,
        "_timestamp_minute": 0,
        "_timestamp_second": 51,
        "_updated": true
    },
    {
        "_id": "kaNZpdGB",
        "userName": "kaNZpdGB",
        "TimeStamps": "01/10/2022 17:11:59",
        "Gender": "Femmina",
        "Age": "20-30 anni",
        "relationship_with_arts": "Ho un forte interesse per l'arte",
        "relationship_with_museums": "Visito di tanto in tanto musei e mostre",
        "content_breaking": "Non mi interessano i contenuti in Lingua dei Segni",
        "_datasetid": "c463550f-12ca-47d8-a1f7-8fda690781cb",
        "_timestamp": 1665122451,
        "_timestamp_year": 2022,
        "_timestamp_month": 10,
        "_timestamp_day": 7,
        "_timestamp_hour": 7,
        "_timestamp_minute": 0,
        "_timestamp_second": 51,
        "_updated": true
    },
    {
        "_id": "iVdIlHNA",
        "userName": "iVdIlHNA",
        "TimeStamps": "01/10/2022 17:31:58",
        "Gender": "Maschio",
        "Age": "45-60",
        "relationship_with_arts": "Ho un forte interesse per l'arte",
        "relationship_with_museums": "Visito spesso i musei",
        "content_breaking": "Vorrei vedere i contenuti in Lingua dei Segni (LIS)",
        "_datasetid": "c463550f-12ca-47d8-a1f7-8fda690781cb",
        "_timestamp": 1665122451,
        "_timestamp_year": 2022,
        "_timestamp_month": 10,
        "_timestamp_day": 7,
        "_timestamp_hour": 7,
        "_timestamp_minute": 0,
        "_timestamp_second": 51,
        "_updated": true
    },
    {
        "_id": "ZWrgWx9o",
        "userName": "ZWrgWx9o",
        "TimeStamps": "01/10/2022 14:06:45",
        "Gender": "Maschio",
        "Age": "20-30 anni",
        "relationship_with_arts": "Ho un forte interesse per l'arte",
        "relationship_with_museums": "Visito di tanto in tanto musei e mostre",
        "content_breaking": "Vorrei vedere i contenuti in Lingua dei Segni (LIS)",
        "_datasetid": "c463550f-12ca-47d8-a1f7-8fda690781cb",
        "_timestamp": 1665122451,
        "_timestamp_year": 2022,
        "_timestamp_month": 10,
        "_timestamp_day": 7,
        "_timestamp_hour": 7,
        "_timestamp_minute": 0,
        "_timestamp_second": 51,
        "_updated": true
    },
    {
        "_id": "QdVgPjFx",
        "userName": "QdVgPjFx",
        "TimeStamps": "01/10/2022 11:47:54",
        "Gender": "Femmina",
        "Age": "31-45 anni",
        "relationship_with_arts": "Ho un forte interesse per l'arte",
        "relationship_with_museums": "Visito raramente musei e mostre",
        "content_breaking": "Non mi interessano i contenuti in Lingua dei Segni",
        "_datasetid": "c463550f-12ca-47d8-a1f7-8fda690781cb",
        "_timestamp": 1665122450,
        "_timestamp_year": 2022,
        "_timestamp_month": 10,
        "_timestamp_day": 7,
        "_timestamp_hour": 7,
        "_timestamp_minute": 0,
        "_timestamp_second": 50,
        "_updated": true
    },
    {
        "_id": "N72IRgFy",
        "userName": "N72IRgFy",
        "TimeStamps": "01/10/2022 16:23:52",
        "Gender": "Maschio",
        "Age": "13-19 anni",
        "relationship_with_arts": "L'arte mi interessa poco",
        "relationship_with_museums": "Visito di tanto in tanto musei e mostre",
        "content_breaking": "Non mi interessano i contenuti in Lingua dei Segni",
        "_datasetid": "c463550f-12ca-47d8-a1f7-8fda690781cb",
        "_timestamp": 1665122450,
        "_timestamp_year": 2022,
        "_timestamp_month": 10,
        "_timestamp_day": 7,
        "_timestamp_hour": 7,
        "_timestamp_minute": 0,
        "_timestamp_second": 50,
        "_updated": true
    },
    {
        "_id": "8sAIqaGe",
        "userName": "8sAIqaGe",
        "TimeStamps": "01/10/2022 17:50:04",
        "Gender": "Femmina",
        "Age": "31-45 anni",
        "relationship_with_arts": "Ho un forte interesse per l'arte",
        "relationship_with_museums": "Visito di tanto in tanto musei e mostre",
        "content_breaking": "Non mi interessano i contenuti in Lingua dei Segni",
        "_datasetid": "c463550f-12ca-47d8-a1f7-8fda690781cb",
        "_timestamp": 1665122450,
        "_timestamp_year": 2022,
        "_timestamp_month": 10,
        "_timestamp_day": 7,
        "_timestamp_hour": 7,
        "_timestamp_minute": 0,
        "_timestamp_second": 50,
        "_updated": true
    },
    {
        "_id": "LW3Klzvx",
        "userName": "LW3Klzvx",
        "TimeStamps": "01/10/2022 17:09:19",
        "Gender": "Femmina",
        "Age": "20-30 anni",
        "relationship_with_arts": "L'arte mi interessa poco",
        "relationship_with_museums": "Visito raramente musei e mostre",
        "content_breaking": "Non mi interessano i contenuti in Lingua dei Segni",
        "_datasetid": "c463550f-12ca-47d8-a1f7-8fda690781cb",
        "_timestamp": 1665122450,
        "_timestamp_year": 2022,
        "_timestamp_month": 10,
        "_timestamp_day": 7,
        "_timestamp_hour": 7,
        "_timestamp_minute": 0,
        "_timestamp_second": 50,
        "_updated": true
    },
    {
        "_id": "loEoYm9R",
        "userName": "loEoYm9R",
        "TimeStamps": "01/10/2022 15:54:48",
        "Gender": "Femmina",
        "Age": "20-30 anni",
        "relationship_with_arts": "L'arte mi interessa poco",
        "relationship_with_museums": "Visito raramente musei e mostre",
        "content_breaking": "Vorrei vedere i contenuti in Lingua dei Segni (LIS)",
        "_datasetid": "c463550f-12ca-47d8-a1f7-8fda690781cb",
        "_timestamp": 1665122450,
        "_timestamp_year": 2022,
        "_timestamp_month": 10,
        "_timestamp_day": 7,
        "_timestamp_hour": 7,
        "_timestamp_minute": 0,
        "_timestamp_second": 50,
        "_updated": true
    },
    {
        "_id": "3iCAAMo9",
        "userName": "3iCAAMo9",
        "TimeStamps": "01/10/2022 16:12:01",
        "Gender": "Maschio",
        "Age": "20-30 anni",
        "relationship_with_arts": "Il mio lavoro riguarda l'arte",
        "relationship_with_museums": "Visito spesso i musei",
        "content_breaking": "Non mi interessano i contenuti in Lingua dei Segni",
        "_datasetid": "c463550f-12ca-47d8-a1f7-8fda690781cb",
        "_timestamp": 1665122449,
        "_timestamp_year": 2022,
        "_timestamp_month": 10,
        "_timestamp_day": 7,
        "_timestamp_hour": 7,
        "_timestamp_minute": 0,
        "_timestamp_second": 49,
        "_updated": true
    },
    {
        "_id": "z60DhE5o",
        "userName": "z60DhE5o",
        "TimeStamps": "01/10/2022 17:09:35",
        "Gender": "Femmina",
        "Age": "20-30 anni",
        "relationship_with_arts": "Ho un forte interesse per l'arte",
        "relationship_with_museums": "Visito spesso i musei",
        "content_breaking": "Non mi interessano i contenuti in Lingua dei Segni",
        "_datasetid": "c463550f-12ca-47d8-a1f7-8fda690781cb",
        "_timestamp": 1665122449,
        "_timestamp_year": 2022,
        "_timestamp_month": 10,
        "_timestamp_day": 7,
        "_timestamp_hour": 7,
        "_timestamp_minute": 0,
        "_timestamp_second": 49,
        "_updated": true
    },
    {
        "_id": "pcOTrRW1",
        "userName": "pcOTrRW1",
        "TimeStamps": "01/10/2022 16:38:00",
        "Gender": "Femmina",
        "Age": "13-19 anni",
        "relationship_with_arts": "L'arte mi interessa poco",
        "relationship_with_museums": "Visito di tanto in tanto musei e mostre",
        "content_breaking": "Vorrei vedere i contenuti in Lingua dei Segni (LIS)",
        "_datasetid": "c463550f-12ca-47d8-a1f7-8fda690781cb",
        "_timestamp": 1665122449,
        "_timestamp_year": 2022,
        "_timestamp_month": 10,
        "_timestamp_day": 7,
        "_timestamp_hour": 7,
        "_timestamp_minute": 0,
        "_timestamp_second": 49,
        "_updated": true
    }
]